date,title,location,company,link
2021-04-08,Senior Python Developer,"Stewartbury, AA","Payne, Roberts and Davis",https://realpython.github.io/fake-jobs/jobs/senior-python-developer-0.html
2021-04-08,Energy engineer,"Christopherville, AA",Vasquez-Davidson,https://realpython.github.io/fake-jobs/jobs/energy-engineer-1.html
2021-04-08,Legal executive,"Port Ericaburgh, AA","Jackson, Chambers and Levy",https://realpython.github.io/fake-jobs/jobs/legal-executive-2.html
2021-04-08,Fitness centre manager,"East Seanview, AP",Savage-Bradley,https://realpython.github.io/fake-jobs/jobs/fitness-centre-manager-3.html
2021-04-08,Product manager,"North Jamieview, AP",Ramirez Inc,https://realpython.github.io/fake-jobs/jobs/product-manager-4.html
2021-04-08,Medical technical officer,"Davidville, AP",Rogers-Yates,https://realpython.github.io/fake-jobs/jobs/medical-technical-officer-5.html
2021-04-08,Physiological scientist,"South Christopher, AE",Kramer-Klein,https://realpython.github.io/fake-jobs/jobs/physiological-scientist-6.html
2021-04-08,Textile designer,"Port Jonathan, AE",Meyers-Johnson,https://realpython.github.io/fake-jobs/jobs/textile-designer-7.html
2021-04-08,Television floor manager,"Osbornetown, AE",Hughes-Williams,https://realpython.github.io/fake-jobs/jobs/television-floor-manager-8.html
2021-04-08,Waste management officer,"Scotttown, AP","Jones, Williams and Villa",https://realpython.github.io/fake-jobs/jobs/waste-management-officer-9.html
2021-04-08,Software Engineer (Python),"Ericberg, AE",Garcia PLC,https://realpython.github.io/fake-jobs/jobs/software-engineer-python-10.html
2021-04-08,Interpreter,"Ramireztown, AE",Gregory and Sons,https://realpython.github.io/fake-jobs/jobs/interpreter-11.html
2021-04-08,Architect,"Figueroaview, AA","Clark, Garcia and Sosa",https://realpython.github.io/fake-jobs/jobs/architect-12.html
2021-04-08,Meteorologist,"Kelseystad, AA",Bush PLC,https://realpython.github.io/fake-jobs/jobs/meteorologist-13.html
2021-04-08,Audiological scientist,"Williamsburgh, AE",Salazar-Meyers,https://realpython.github.io/fake-jobs/jobs/audiological-scientist-14.html
2021-04-08,English as a second language teacher,"Mitchellburgh, AE","Parker, Murphy and Brooks",https://realpython.github.io/fake-jobs/jobs/english-as-a-second-language-teacher-15.html
2021-04-08,Surgeon,"West Jessicabury, AA",Cruz-Brown,https://realpython.github.io/fake-jobs/jobs/surgeon-16.html
2021-04-08,Equities trader,"Maloneshire, AE",Macdonald-Ferguson,https://realpython.github.io/fake-jobs/jobs/equities-trader-17.html
2021-04-08,Newspaper journalist,"Johnsonton, AA","Williams, Peterson and Rojas",https://realpython.github.io/fake-jobs/jobs/newspaper-journalist-18.html
2021-04-08,Materials engineer,"South Davidtown, AP",Smith and Sons,https://realpython.github.io/fake-jobs/jobs/materials-engineer-19.html
2021-04-08,Python Programmer (Entry-Level),"Port Sara, AE","Moss, Duncan and Allen",https://realpython.github.io/fake-jobs/jobs/python-programmer-entry-level-20.html
2021-04-08,Product/process development scientist,"Marktown, AA",Gomez-Carroll,https://realpython.github.io/fake-jobs/jobs/product-process-development-scientist-21.html
2021-04-08,"Scientist, research (maths)","Laurenland, AE","Manning, Welch and Herring",https://realpython.github.io/fake-jobs/jobs/scientist-research-maths-22.html
2021-04-08,Ecologist,"Lauraton, AP","Lee, Gutierrez and Brown",https://realpython.github.io/fake-jobs/jobs/ecologist-23.html
2021-04-08,Materials engineer,"South Tammyberg, AP","Davis, Serrano and Cook",https://realpython.github.io/fake-jobs/jobs/materials-engineer-24.html
2021-04-08,Historic buildings inspector/conservation officer,"North Brandonville, AP",Smith LLC,https://realpython.github.io/fake-jobs/jobs/historic-buildings-inspector-conservation-officer-25.html
2021-04-08,Data scientist,"Port Robertfurt, AA",Thomas Group,https://realpython.github.io/fake-jobs/jobs/data-scientist-26.html
2021-04-08,Psychiatrist,"Burnettbury, AE",Silva-King,https://realpython.github.io/fake-jobs/jobs/psychiatrist-27.html
2021-04-08,Structural engineer,"Herbertside, AA",Pierce-Long,https://realpython.github.io/fake-jobs/jobs/structural-engineer-28.html
2021-04-08,Immigration officer,"Christopherport, AP",Walker-Simpson,https://realpython.github.io/fake-jobs/jobs/immigration-officer-29.html
2021-04-08,Python Programmer (Entry-Level),"West Victor, AE",Cooper and Sons,https://realpython.github.io/fake-jobs/jobs/python-programmer-entry-level-30.html
2021-04-08,Neurosurgeon,"Port Aaron, AP","Donovan, Gonzalez and Figueroa",https://realpython.github.io/fake-jobs/jobs/neurosurgeon-31.html
2021-04-08,Broadcast engineer,"Loribury, AA","Morgan, Butler and Bennett",https://realpython.github.io/fake-jobs/jobs/broadcast-engineer-32.html
2021-04-08,Make,"Angelastad, AP",Snyder-Lee,https://realpython.github.io/fake-jobs/jobs/make-33.html
2021-04-08,"Nurse, adult","Larrytown, AE",Harris PLC,https://realpython.github.io/fake-jobs/jobs/nurse-adult-34.html
2021-04-08,Air broker,"West Colin, AP",Washington PLC,https://realpython.github.io/fake-jobs/jobs/air-broker-35.html
2021-04-08,"Editor, film/video","West Stephanie, AP","Brown, Price and Campbell",https://realpython.github.io/fake-jobs/jobs/editor-film-video-36.html
2021-04-08,"Production assistant, radio","Laurentown, AP",Mcgee PLC,https://realpython.github.io/fake-jobs/jobs/production-assistant-radio-37.html
2021-04-08,"Engineer, communications","Wrightberg, AP",Dixon Inc,https://realpython.github.io/fake-jobs/jobs/engineer-communications-38.html
2021-04-08,Sales executive,"Alberttown, AE","Thompson, Sheppard and Ward",https://realpython.github.io/fake-jobs/jobs/sales-executive-39.html
2021-04-08,Software Developer (Python),"Brockburgh, AE",Adams-Brewer,https://realpython.github.io/fake-jobs/jobs/software-developer-python-40.html
2021-04-08,Futures trader,"North Jason, AE",Schneider-Brady,https://realpython.github.io/fake-jobs/jobs/futures-trader-41.html
2021-04-08,Tour manager,"Arnoldhaven, AE",Gonzales-Frank,https://realpython.github.io/fake-jobs/jobs/tour-manager-42.html
2021-04-08,Cytogeneticist,"Lake Destiny, AP",Smith-Wong,https://realpython.github.io/fake-jobs/jobs/cytogeneticist-43.html
2021-04-08,"Designer, multimedia","South Timothyburgh, AP",Pierce-Herrera,https://realpython.github.io/fake-jobs/jobs/designer-multimedia-44.html
2021-04-08,Trade union research officer,"New Jimmyton, AE","Aguilar, Rivera and Quinn",https://realpython.github.io/fake-jobs/jobs/trade-union-research-officer-45.html
2021-04-08,"Chemist, analytical","New Lucasbury, AP","Lowe, Barnes and Thomas",https://realpython.github.io/fake-jobs/jobs/chemist-analytical-46.html
2021-04-08,"Programmer, multimedia","Port Cory, AE","Lewis, Gonzalez and Vasquez",https://realpython.github.io/fake-jobs/jobs/programmer-multimedia-47.html
2021-04-08,"Engineer, broadcasting (operations)","Gileston, AA",Taylor PLC,https://realpython.github.io/fake-jobs/jobs/engineer-broadcasting-operations-48.html
2021-04-08,"Teacher, primary school","Cindyshire, AA","Oliver, Jones and Ramirez",https://realpython.github.io/fake-jobs/jobs/teacher-primary-school-49.html
2021-04-08,Python Developer,"East Michaelfort, AA",Rivera and Sons,https://realpython.github.io/fake-jobs/jobs/python-developer-50.html
2021-04-08,Manufacturing systems engineer,"Joybury, AE",Garcia PLC,https://realpython.github.io/fake-jobs/jobs/manufacturing-systems-engineer-51.html
2021-04-08,"Producer, television/film/video","Emmatown, AE","Johnson, Wells and Kramer",https://realpython.github.io/fake-jobs/jobs/producer-television-film-video-52.html
2021-04-08,"Scientist, forensic","Colehaven, AP",Gonzalez LLC,https://realpython.github.io/fake-jobs/jobs/scientist-forensic-53.html
2021-04-08,Bonds trader,"Port Coryton, AE","Morgan, White and Macdonald",https://realpython.github.io/fake-jobs/jobs/bonds-trader-54.html
2021-04-08,Editorial assistant,"Amyborough, AA",Robinson-Fitzpatrick,https://realpython.github.io/fake-jobs/jobs/editorial-assistant-55.html
2021-04-08,Photographer,"Reynoldsville, AA","Waters, Wilson and Hoover",https://realpython.github.io/fake-jobs/jobs/photographer-56.html
2021-04-08,Retail banker,"Port Billy, AP",Hill LLC,https://realpython.github.io/fake-jobs/jobs/retail-banker-57.html
2021-04-08,Jewellery designer,"Adamburgh, AA",Li-Gregory,https://realpython.github.io/fake-jobs/jobs/jewellery-designer-58.html
2021-04-08,Ophthalmologist,"Wilsonmouth, AA","Fisher, Ryan and Coleman",https://realpython.github.io/fake-jobs/jobs/ophthalmologist-59.html
2021-04-08,"Back-End Web Developer (Python, Django)","South Kimberly, AA",Stewart-Alexander,https://realpython.github.io/fake-jobs/jobs/back-end-web-developer-python-django-60.html
2021-04-08,Licensed conveyancer,"Benjaminland, AP",Abbott and Sons,https://realpython.github.io/fake-jobs/jobs/licensed-conveyancer-61.html
2021-04-08,Futures trader,"Zacharyport, AA","Bryant, Santana and Davenport",https://realpython.github.io/fake-jobs/jobs/futures-trader-62.html
2021-04-08,Counselling psychologist,"Port Devonville, AE",Smith PLC,https://realpython.github.io/fake-jobs/jobs/counselling-psychologist-63.html
2021-04-08,Insurance underwriter,"East Thomas, AE",Patterson-Singh,https://realpython.github.io/fake-jobs/jobs/insurance-underwriter-64.html
2021-04-08,"Engineer, automotive","New Jeffrey, AP",Martinez-Berry,https://realpython.github.io/fake-jobs/jobs/engineer-automotive-65.html
2021-04-08,"Producer, radio","Davidside, AA","May, Taylor and Fisher",https://realpython.github.io/fake-jobs/jobs/producer-radio-66.html
2021-04-08,Dispensing optician,"Jamesville, AA","Bailey, Owen and Thompson",https://realpython.github.io/fake-jobs/jobs/dispensing-optician-67.html
2021-04-08,"Designer, fashion/clothing","New Kelly, AP",Vasquez Ltd,https://realpython.github.io/fake-jobs/jobs/designer-fashion-clothing-68.html
2021-04-08,Chartered loss adjuster,"Lake Antonio, AA",Leblanc LLC,https://realpython.github.io/fake-jobs/jobs/chartered-loss-adjuster-69.html
2021-04-08,"Back-End Web Developer (Python, Django)","New Elizabethside, AA","Jackson, Ali and Mckee",https://realpython.github.io/fake-jobs/jobs/back-end-web-developer-python-django-70.html
2021-04-08,Forest/woodland manager,"Millsbury, AE","Blankenship, Knight and Powell",https://realpython.github.io/fake-jobs/jobs/forest-woodland-manager-71.html
2021-04-08,Clinical cytogeneticist,"Lloydton, AP","Patton, Haynes and Jones",https://realpython.github.io/fake-jobs/jobs/clinical-cytogeneticist-72.html
2021-04-08,Print production planner,"Port Jeremy, AA",Wood Inc,https://realpython.github.io/fake-jobs/jobs/print-production-planner-73.html
2021-04-08,Systems developer,"New Elizabethtown, AA",Collins Group,https://realpython.github.io/fake-jobs/jobs/systems-developer-74.html
2021-04-08,Graphic designer,"Charlesstad, AE",Flores-Nelson,https://realpython.github.io/fake-jobs/jobs/graphic-designer-75.html
2021-04-08,Writer,"Josephbury, AE","Mitchell, Jones and Olson",https://realpython.github.io/fake-jobs/jobs/writer-76.html
2021-04-08,Field seismologist,"Seanfurt, AA",Howard Group,https://realpython.github.io/fake-jobs/jobs/field-seismologist-77.html
2021-04-08,Chief Strategy Officer,"Williambury, AA",Kramer-Edwards,https://realpython.github.io/fake-jobs/jobs/chief-strategy-officer-78.html
2021-04-08,Air cabin crew,"South Jorgeside, AP",Berry-Houston,https://realpython.github.io/fake-jobs/jobs/air-cabin-crew-79.html
2021-04-08,Python Programmer (Entry-Level),"Robertborough, AP",Mathews Inc,https://realpython.github.io/fake-jobs/jobs/python-programmer-entry-level-80.html
2021-04-08,Warden/ranger,"South Saratown, AP",Riley-Johnson,https://realpython.github.io/fake-jobs/jobs/warden-ranger-81.html
2021-04-08,Sports therapist,"Hullview, AA",Spencer and Sons,https://realpython.github.io/fake-jobs/jobs/sports-therapist-82.html
2021-04-08,Arts development officer,"Philipland, AP",Camacho-Sanchez,https://realpython.github.io/fake-jobs/jobs/arts-development-officer-83.html
2021-04-08,Printmaker,"North Patty, AE",Oliver and Sons,https://realpython.github.io/fake-jobs/jobs/printmaker-84.html
2021-04-08,Health and safety adviser,"North Stephen, AE",Eaton PLC,https://realpython.github.io/fake-jobs/jobs/health-and-safety-adviser-85.html
2021-04-08,Manufacturing systems engineer,"Stevensland, AP",Stanley-Frederick,https://realpython.github.io/fake-jobs/jobs/manufacturing-systems-engineer-86.html
2021-04-08,"Programmer, applications","Reyesstad, AE",Bradley LLC,https://realpython.github.io/fake-jobs/jobs/programmer-applications-87.html
2021-04-08,Medical physicist,"Bellberg, AP","Parker, Goodwin and Zavala",https://realpython.github.io/fake-jobs/jobs/medical-physicist-88.html
2021-04-08,Media planner,"North Johnland, AE",Kim-Miles,https://realpython.github.io/fake-jobs/jobs/media-planner-89.html
2021-04-08,Software Developer (Python),"Martinezburgh, AE",Moreno-Rodriguez,https://realpython.github.io/fake-jobs/jobs/software-developer-python-90.html
2021-04-08,"Surveyor, land/geomatics","Joshuatown, AE",Brown-Ortiz,https://realpython.github.io/fake-jobs/jobs/surveyor-land-geomatics-91.html
2021-04-08,Legal executive,"West Ericstad, AA",Hartman PLC,https://realpython.github.io/fake-jobs/jobs/legal-executive-92.html
2021-04-08,"Librarian, academic","Tuckertown, AE",Brooks Inc,https://realpython.github.io/fake-jobs/jobs/librarian-academic-93.html
2021-04-08,Barrister,"Perezton, AE",Washington-Castillo,https://realpython.github.io/fake-jobs/jobs/barrister-94.html
2021-04-08,Museum/gallery exhibitions officer,"Lake Abigail, AE","Nguyen, Yoder and Petty",https://realpython.github.io/fake-jobs/jobs/museum-gallery-exhibitions-officer-95.html
2021-04-08,"Radiographer, diagnostic","Jacobshire, AP",Holder LLC,https://realpython.github.io/fake-jobs/jobs/radiographer-diagnostic-96.html
2021-04-08,Database administrator,"Port Susan, AE",Yates-Ferguson,https://realpython.github.io/fake-jobs/jobs/database-administrator-97.html
2021-04-08,Furniture designer,"North Tiffany, AA",Ortega-Lawrence,https://realpython.github.io/fake-jobs/jobs/furniture-designer-98.html
2021-04-08,Ship broker,"Michelleville, AP","Fuentes, Walls and Castro",https://realpython.github.io/fake-jobs/jobs/ship-broker-99.html
