date,title,location,company
2021-04-08,Senior Python Developer,"Stewartbury, AA","Payne, Roberts and Davis"
2021-04-08,Energy engineer,"Christopherville, AA",Vasquez-Davidson
2021-04-08,Legal executive,"Port Ericaburgh, AA","Jackson, Chambers and Levy"
2021-04-08,Fitness centre manager,"East Seanview, AP",Savage-Bradley
2021-04-08,Product manager,"North Jamieview, AP",Ramirez Inc
2021-04-08,Medical technical officer,"Davidville, AP",Rogers-Yates
2021-04-08,Physiological scientist,"South Christopher, AE",Kramer-Klein
2021-04-08,Textile designer,"Port Jonathan, AE",Meyers-Johnson
2021-04-08,Television floor manager,"Osbornetown, AE",Hughes-Williams
2021-04-08,Waste management officer,"Scotttown, AP","Jones, Williams and Villa"
2021-04-08,Software Engineer (Python),"Ericberg, AE",Garcia PLC
2021-04-08,Interpreter,"Ramireztown, AE",Gregory and Sons
2021-04-08,Architect,"Figueroaview, AA","Clark, Garcia and Sosa"
2021-04-08,Meteorologist,"Kelseystad, AA",Bush PLC
2021-04-08,Audiological scientist,"Williamsburgh, AE",Salazar-Meyers
2021-04-08,English as a second language teacher,"Mitchellburgh, AE","Parker, Murphy and Brooks"
2021-04-08,Surgeon,"West Jessicabury, AA",Cruz-Brown
2021-04-08,Equities trader,"Maloneshire, AE",Macdonald-Ferguson
2021-04-08,Newspaper journalist,"Johnsonton, AA","Williams, Peterson and Rojas"
2021-04-08,Materials engineer,"South Davidtown, AP",Smith and Sons
2021-04-08,Python Programmer (Entry-Level),"Port Sara, AE","Moss, Duncan and Allen"
2021-04-08,Product/process development scientist,"Marktown, AA",Gomez-Carroll
2021-04-08,"Scientist, research (maths)","Laurenland, AE","Manning, Welch and Herring"
2021-04-08,Ecologist,"Lauraton, AP","Lee, Gutierrez and Brown"
2021-04-08,Materials engineer,"South Tammyberg, AP","Davis, Serrano and Cook"
2021-04-08,Historic buildings inspector/conservation officer,"North Brandonville, AP",Smith LLC
2021-04-08,Data scientist,"Port Robertfurt, AA",Thomas Group
2021-04-08,Psychiatrist,"Burnettbury, AE",Silva-King
2021-04-08,Structural engineer,"Herbertside, AA",Pierce-Long
2021-04-08,Immigration officer,"Christopherport, AP",Walker-Simpson
2021-04-08,Python Programmer (Entry-Level),"West Victor, AE",Cooper and Sons
2021-04-08,Neurosurgeon,"Port Aaron, AP","Donovan, Gonzalez and Figueroa"
2021-04-08,Broadcast engineer,"Loribury, AA","Morgan, Butler and Bennett"
2021-04-08,Make,"Angelastad, AP",Snyder-Lee
2021-04-08,"Nurse, adult","Larrytown, AE",Harris PLC
2021-04-08,Air broker,"West Colin, AP",Washington PLC
2021-04-08,"Editor, film/video","West Stephanie, AP","Brown, Price and Campbell"
2021-04-08,"Production assistant, radio","Laurentown, AP",Mcgee PLC
2021-04-08,"Engineer, communications","Wrightberg, AP",Dixon Inc
2021-04-08,Sales executive,"Alberttown, AE","Thompson, Sheppard and Ward"
2021-04-08,Software Developer (Python),"Brockburgh, AE",Adams-Brewer
2021-04-08,Futures trader,"North Jason, AE",Schneider-Brady
2021-04-08,Tour manager,"Arnoldhaven, AE",Gonzales-Frank
2021-04-08,Cytogeneticist,"Lake Destiny, AP",Smith-Wong
2021-04-08,"Designer, multimedia","South Timothyburgh, AP",Pierce-Herrera
2021-04-08,Trade union research officer,"New Jimmyton, AE","Aguilar, Rivera and Quinn"
2021-04-08,"Chemist, analytical","New Lucasbury, AP","Lowe, Barnes and Thomas"
2021-04-08,"Programmer, multimedia","Port Cory, AE","Lewis, Gonzalez and Vasquez"
2021-04-08,"Engineer, broadcasting (operations)","Gileston, AA",Taylor PLC
2021-04-08,"Teacher, primary school","Cindyshire, AA","Oliver, Jones and Ramirez"
2021-04-08,Python Developer,"East Michaelfort, AA",Rivera and Sons
2021-04-08,Manufacturing systems engineer,"Joybury, AE",Garcia PLC
2021-04-08,"Producer, television/film/video","Emmatown, AE","Johnson, Wells and Kramer"
2021-04-08,"Scientist, forensic","Colehaven, AP",Gonzalez LLC
2021-04-08,Bonds trader,"Port Coryton, AE","Morgan, White and Macdonald"
2021-04-08,Editorial assistant,"Amyborough, AA",Robinson-Fitzpatrick
2021-04-08,Photographer,"Reynoldsville, AA","Waters, Wilson and Hoover"
2021-04-08,Retail banker,"Port Billy, AP",Hill LLC
2021-04-08,Jewellery designer,"Adamburgh, AA",Li-Gregory
2021-04-08,Ophthalmologist,"Wilsonmouth, AA","Fisher, Ryan and Coleman"
2021-04-08,"Back-End Web Developer (Python, Django)","South Kimberly, AA",Stewart-Alexander
2021-04-08,Licensed conveyancer,"Benjaminland, AP",Abbott and Sons
2021-04-08,Futures trader,"Zacharyport, AA","Bryant, Santana and Davenport"
2021-04-08,Counselling psychologist,"Port Devonville, AE",Smith PLC
2021-04-08,Insurance underwriter,"East Thomas, AE",Patterson-Singh
2021-04-08,"Engineer, automotive","New Jeffrey, AP",Martinez-Berry
2021-04-08,"Producer, radio","Davidside, AA","May, Taylor and Fisher"
2021-04-08,Dispensing optician,"Jamesville, AA","Bailey, Owen and Thompson"
2021-04-08,"Designer, fashion/clothing","New Kelly, AP",Vasquez Ltd
2021-04-08,Chartered loss adjuster,"Lake Antonio, AA",Leblanc LLC
2021-04-08,"Back-End Web Developer (Python, Django)","New Elizabethside, AA","Jackson, Ali and Mckee"
2021-04-08,Forest/woodland manager,"Millsbury, AE","Blankenship, Knight and Powell"
2021-04-08,Clinical cytogeneticist,"Lloydton, AP","Patton, Haynes and Jones"
2021-04-08,Print production planner,"Port Jeremy, AA",Wood Inc
2021-04-08,Systems developer,"New Elizabethtown, AA",Collins Group
2021-04-08,Graphic designer,"Charlesstad, AE",Flores-Nelson
2021-04-08,Writer,"Josephbury, AE","Mitchell, Jones and Olson"
2021-04-08,Field seismologist,"Seanfurt, AA",Howard Group
2021-04-08,Chief Strategy Officer,"Williambury, AA",Kramer-Edwards
2021-04-08,Air cabin crew,"South Jorgeside, AP",Berry-Houston
2021-04-08,Python Programmer (Entry-Level),"Robertborough, AP",Mathews Inc
2021-04-08,Warden/ranger,"South Saratown, AP",Riley-Johnson
2021-04-08,Sports therapist,"Hullview, AA",Spencer and Sons
2021-04-08,Arts development officer,"Philipland, AP",Camacho-Sanchez
2021-04-08,Printmaker,"North Patty, AE",Oliver and Sons
2021-04-08,Health and safety adviser,"North Stephen, AE",Eaton PLC
2021-04-08,Manufacturing systems engineer,"Stevensland, AP",Stanley-Frederick
2021-04-08,"Programmer, applications","Reyesstad, AE",Bradley LLC
2021-04-08,Medical physicist,"Bellberg, AP","Parker, Goodwin and Zavala"
2021-04-08,Media planner,"North Johnland, AE",Kim-Miles
2021-04-08,Software Developer (Python),"Martinezburgh, AE",Moreno-Rodriguez
2021-04-08,"Surveyor, land/geomatics","Joshuatown, AE",Brown-Ortiz
2021-04-08,Legal executive,"West Ericstad, AA",Hartman PLC
2021-04-08,"Librarian, academic","Tuckertown, AE",Brooks Inc
2021-04-08,Barrister,"Perezton, AE",Washington-Castillo
2021-04-08,Museum/gallery exhibitions officer,"Lake Abigail, AE","Nguyen, Yoder and Petty"
2021-04-08,"Radiographer, diagnostic","Jacobshire, AP",Holder LLC
2021-04-08,Database administrator,"Port Susan, AE",Yates-Ferguson
2021-04-08,Furniture designer,"North Tiffany, AA",Ortega-Lawrence
2021-04-08,Ship broker,"Michelleville, AP","Fuentes, Walls and Castro"
